<!--
  ~ Copyright 2009 Red Hat, Inc.
  ~  Red Hat licenses this file to you under the Apache License, version
  ~  2.0 (the "License"); you may not use this file except in compliance
  ~  with the License.  You may obtain a copy of the License at
  ~     http://www.apache.org/licenses/LICENSE-2.0
  ~  Unless required by applicable law or agreed to in writing, software
  ~  distributed under the License is distributed on an "AS IS" BASIS,
  ~  WITHOUT WARRANTIES OR CONDITIONS OF ANY KIND, either express or
  ~  implied.  See the License for the specific language governing
  ~  permissions and limitations under the License.
  -->

<configuration xmlns="urn:hornetq"
               xmlns:xsi="http://www.w3.org/2001/XMLSchema-instance"
               xsi:schemaLocation="urn:hornetq /schema/hornetq-configuration.xsd">

   <!--  Don't change this name.
         This is used by the dependency framework on the deployers,
         to make sure this deployment is done before any other deployment -->
   <name>HornetQ.main.config</name>

   <log-delegate-factory-class-name>org.hornetq.integration.logging.Log4jLogDelegateFactory</log-delegate-factory-class-name>
   
   <bindings-directory>${jboss.server.data.dir}/hornetq/bindings</bindings-directory>

   <journal-directory>${jboss.server.data.dir}/hornetq/journal</journal-directory>
   
   <journal-min-files>10</journal-min-files>
   
   <large-messages-directory>${jboss.server.data.dir}/hornetq/largemessages</large-messages-directory>

   <paging-directory>${jboss.server.data.dir}/hornetq/paging</paging-directory>

   <connectors>
      <connector name="netty">
         <factory-class>org.hornetq.core.remoting.impl.netty.NettyConnectorFactory</factory-class>
         <param key="host"  value="${jboss.bind.address:localhost}"/>
         <param key="port"  value="${hornetq.remoting.netty.port:5445}"/>
      </connector>
      
      <connector name="netty-throughput">
         <factory-class>org.hornetq.core.remoting.impl.netty.NettyConnectorFactory</factory-class>
         <param key="host"  value="${jboss.bind.address:localhost}"/>
         <param key="port"  value="${hornetq.remoting.netty.batch.port:5455}"/>
         <param key="batch-delay" value="50"/>
      </connector>

      <connector name="in-vm">
         <factory-class>org.hornetq.core.remoting.impl.invm.InVMConnectorFactory</factory-class>
         <param key="server-id" value="${hornetq.server-id:0}"/> 
      </connector>

   </connectors>

   <acceptors>   
      <acceptor name="netty">
         <factory-class>org.hornetq.core.remoting.impl.netty.NettyAcceptorFactory</factory-class>
         <param key="host"  value="${jboss.bind.address:localhost}"/>
         <param key="port"  value="${hornetq.remoting.netty.port:5445}"/>
      </acceptor>
      
      <acceptor name="netty-throughput">
         <factory-class>org.hornetq.core.remoting.impl.netty.NettyAcceptorFactory</factory-class>
         <param key="host"  value="${jboss.bind.address:localhost}"/>
         <param key="port"  value="${hornetq.remoting.netty.batch.port:5455}"/>
         <param key="batch-delay" value="50"/>
         <param key="direct-deliver" value="false"/>
      </acceptor>

      <acceptor name="in-vm">
        <factory-class>org.hornetq.core.remoting.impl.invm.InVMAcceptorFactory</factory-class>
        <param key="server-id" value="0"/>
      </acceptor>

   </acceptors>

   <security-settings>
      <security-setting match="#">
         <permission type="createNonDurableQueue" roles="guest"/>
         <permission type="deleteNonDurableQueue" roles="guest"/>
         <permission type="consume" roles="guest"/>
         <permission type="send" roles="guest"/>
      </security-setting>
   </security-settings>

   <address-settings>
      <!--default for catch all-->
      <address-setting match="#">
         <dead-letter-address>jms.queue.DLQ</dead-letter-address>
         <expiry-address>jms.queue.ExpiryQueue</expiry-address>
         <redelivery-delay>0</redelivery-delay>
         <max-size-bytes>10485760</max-size-bytes>       
         <message-counter-history-day-limit>10</message-counter-history-day-limit>
         <address-full-policy>BLOCK</address-full-policy>
      </address-setting>
   </address-settings>

</configuration>
